{
  "run_date": "2026-06-28 03:24:49",
  "composite_pi": 64.64646464646465,
  "extreme_threshold": 85.45549024618792,
  "is_currently_extreme": false,
  "factors": {
    "short_rate": 70.58823529411765,
    "vix": 61.31907308377896,
    "oil": 62.03208556149733
  },
  "tail_risk_stats": {
    "normal": {
      "mean_return": 4.944525885989992,
      "median_return": 6.0542610406523645,
      "prob_drop_5pct": 11.706349206349206,
      "prob_drop_10pct": 5.753968253968254,
      "avg_max_drawdown": -6.1857161168721335
    },
    "extreme": {
      "mean_return": 4.636604298744882,
      "median_return": 3.38639363144132,
      "prob_drop_5pct": 8.0,
      "prob_drop_10pct": 2.0,
      "avg_max_drawdown": -4.2956809251408625
    }
  },
  "forward_stress": {
    "2026-07": 67.82418255743157,
    "2026-08": 84.17235317612668,
    "2026-09": 84.27777600888602,
    "2026-10": 70.9150618656281,
    "2026-11": 81.52971751568431,
    "2026-12": 68.39593000994513
  }
}