{
  "run_date": "2026-07-11 02:12:15",
  "composite_pi": 59.061200237670825,
  "extreme_threshold": 85.50230270860978,
  "is_currently_extreme": false,
  "factors": {
    "short_rate": 70.76648841354724,
    "vix": 45.811051693404636,
    "oil": 60.60606060606061
  },
  "tail_risk_stats": {
    "normal": {
      "mean_return": 4.96797332756434,
      "median_return": 6.079001526267169,
      "prob_drop_5pct": 11.752988047808765,
      "prob_drop_10pct": 5.776892430278884,
      "avg_max_drawdown": -6.1857161168721335
    },
    "extreme": {
      "mean_return": 4.66995763177948,
      "median_return": 3.522520856841016,
      "prob_drop_5pct": 7.8431372549019605,
      "prob_drop_10pct": 1.9607843137254901,
      "avg_max_drawdown": -4.2956809251408625
    }
  },
  "forward_stress": {
    "2026-08": 69.95453479768028,
    "2026-09": 75.28018959024747,
    "2026-10": 70.14691570806859,
    "2026-11": 73.7293057589481,
    "2026-12": 66.3512275967308,
    "2027-01": 64.95111279703471
  }
}