{
  "run_date": "2026-07-10 02:36:11",
  "composite_pi": 59.061200237670825,
  "extreme_threshold": 85.50230270860978,
  "is_currently_extreme": false,
  "factors": {
    "short_rate": 70.76648841354724,
    "vix": 45.811051693404636,
    "oil": 60.60606060606061
  },
  "tail_risk_stats": {
    "normal": {
      "mean_return": 4.96797332756434,
      "median_return": 6.079001526267169,
      "prob_drop_5pct": 11.752988047808765,
      "prob_drop_10pct": 5.776892430278884,
      "avg_max_drawdown": -6.1857161168721335
    },
    "extreme": {
      "mean_return": 4.66995763177948,
      "median_return": 3.522520856841016,
      "prob_drop_5pct": 7.8431372549019605,
      "prob_drop_10pct": 1.9607843137254901,
      "avg_max_drawdown": -4.2956809251408625
    }
  },
  "forward_stress": {
    "2026-08": 67.78530235241523,
    "2026-09": 83.41082920527381,
    "2026-10": 66.32129645686616,
    "2026-11": 79.12705317974685,
    "2026-12": 63.093946204061375,
    "2027-01": 63.31352659592879
  }
}