{
  "run_date": "2026-07-09 02:33:59",
  "composite_pi": 59.061200237670825,
  "extreme_threshold": 85.25028693070703,
  "is_currently_extreme": false,
  "factors": {
    "short_rate": 70.76648841354724,
    "vix": 45.811051693404636,
    "oil": 60.60606060606061
  },
  "tail_risk_stats": {
    "normal": {
      "mean_return": 4.9706962916914685,
      "median_return": 6.083409932135231,
      "prob_drop_5pct": 11.72962226640159,
      "prob_drop_10pct": 5.7654075546719685,
      "avg_max_drawdown": -6.1857161168721335
    },
    "extreme": {
      "mean_return": 4.636604298744882,
      "median_return": 3.38639363144132,
      "prob_drop_5pct": 8.0,
      "prob_drop_10pct": 2.0,
      "avg_max_drawdown": -4.2956809251408625
    }
  },
  "forward_stress": {
    "2026-08": 70.3512156622053,
    "2026-09": 75.13811413099987,
    "2026-10": 72.15361431019747,
    "2026-11": 73.64062754001209,
    "2026-12": 61.929384950170196,
    "2027-01": 61.91880804828311
  }
}