{
  "run_date": "2026-06-24 02:50:52",
  "composite_pi": 65.65656565656566,
  "extreme_threshold": 85.18624521938524,
  "is_currently_extreme": false,
  "factors": {
    "short_rate": 70.76648841354724,
    "vix": 48.484848484848484,
    "oil": 77.71836007130125
  },
  "tail_risk_stats": {
    "normal": {
      "mean_return": 4.942261702995667,
      "median_return": 6.033928960905621,
      "prob_drop_5pct": 11.72962226640159,
      "prob_drop_10pct": 5.7654075546719685,
      "avg_max_drawdown": -6.1857161168721335
    },
    "extreme": {
      "mean_return": 4.636604298744882,
      "median_return": 3.38639363144132,
      "prob_drop_5pct": 8.0,
      "prob_drop_10pct": 2.0,
      "avg_max_drawdown": -4.2956809251408625
    }
  },
  "forward_stress": {
    "2026-07": 76.18343521234577,
    "2026-08": 77.62910999680918,
    "2026-09": 86.99324137963713,
    "2026-10": 73.84911933319158,
    "2026-11": 88.40228369297415,
    "2026-12": 70.58566312247137
  }
}