{
  "run_date": "2026-06-19 21:16:11",
  "composite_pi": 72.19251336898397,
  "extreme_threshold": 85.5138888888889,
  "is_currently_extreme": false,
  "factors": {
    "short_rate": 70.23172905525847,
    "vix": 57.93226381461676,
    "oil": 88.41354723707666
  },
  "tail_risk_stats": {
    "normal": {
      "mean_return": 4.918751370163177,
      "median_return": 6.022723716214662,
      "prob_drop_5pct": 11.72962226640159,
      "prob_drop_10pct": 5.7654075546719685,
      "avg_max_drawdown": -6.165775849910939
    },
    "extreme": {
      "mean_return": 4.636604298744882,
      "median_return": 3.38639363144132,
      "prob_drop_5pct": 8.0,
      "prob_drop_10pct": 2.0,
      "avg_max_drawdown": -4.2956809251408625
    }
  },
  "forward_stress": {
    "2026-07": 82.56454626730891,
    "2026-08": 86.1460316205735,
    "2026-09": 94.66034536127137,
    "2026-10": 89.70069387174424,
    "2026-11": 86.65353747505709,
    "2026-12": 82.30955707128278
  }
}