{
  "run_date": "2026-06-23 02:50:14",
  "composite_pi": 65.65656565656566,
  "extreme_threshold": 85.4920634920635,
  "is_currently_extreme": false,
  "factors": {
    "short_rate": 70.76648841354724,
    "vix": 48.484848484848484,
    "oil": 77.71836007130125
  },
  "tail_risk_stats": {
    "normal": {
      "mean_return": 4.925048756599554,
      "median_return": 6.0283263385601416,
      "prob_drop_5pct": 11.706349206349206,
      "prob_drop_10pct": 5.753968253968254,
      "avg_max_drawdown": -6.165775849910939
    },
    "extreme": {
      "mean_return": 4.636604298744882,
      "median_return": 3.38639363144132,
      "prob_drop_5pct": 8.0,
      "prob_drop_10pct": 2.0,
      "avg_max_drawdown": -4.2956809251408625
    }
  },
  "forward_stress": {
    "2026-07": 72.42875776682398,
    "2026-08": 74.96427473896779,
    "2026-09": 85.37928142514491,
    "2026-10": 73.17235459046782,
    "2026-11": 84.61603429955834,
    "2026-12": 73.6344417990441
  }
}