{
  "run_date": "2026-07-16 02:10:46",
  "composite_pi": 58.169934640522875,
  "extreme_threshold": 85.22381592804945,
  "is_currently_extreme": false,
  "factors": {
    "short_rate": 70.76648841354724,
    "vix": 36.185383244206776,
    "oil": 67.5579322638146
  },
  "tail_risk_stats": {
    "normal": {
      "mean_return": 4.993122918515846,
      "median_return": 6.097554176213826,
      "prob_drop_5pct": 11.72962226640159,
      "prob_drop_10pct": 5.7654075546719685,
      "avg_max_drawdown": -6.223255627571417
    },
    "extreme": {
      "mean_return": 4.636604298744882,
      "median_return": 3.38639363144132,
      "prob_drop_5pct": 8.0,
      "prob_drop_10pct": 2.0,
      "avg_max_drawdown": -4.2956809251408625
    }
  },
  "forward_stress": {
    "2026-08": 68.39282599876272,
    "2026-09": 80.45902237223542,
    "2026-10": 70.98794820491626,
    "2026-11": 73.5777546945064,
    "2026-12": 62.38239184646246,
    "2027-01": 62.42757065205621
  }
}