{
  "run_date": "2026-07-19 02:14:13",
  "composite_pi": 73.6779560308972,
  "extreme_threshold": 85.41849447271451,
  "is_currently_extreme": false,
  "factors": {
    "short_rate": 70.94474153297683,
    "vix": 63.992869875222816,
    "oil": 86.09625668449198
  },
  "tail_risk_stats": {
    "normal": {
      "mean_return": 4.9999109817972895,
      "median_return": 6.11482795699091,
      "prob_drop_5pct": 11.706349206349206,
      "prob_drop_10pct": 5.753968253968254,
      "avg_max_drawdown": -6.223255627571417
    },
    "extreme": {
      "mean_return": 4.636604298744882,
      "median_return": 3.38639363144132,
      "prob_drop_5pct": 8.0,
      "prob_drop_10pct": 2.0,
      "avg_max_drawdown": -4.2956809251408625
    }
  },
  "forward_stress": {
    "2026-08": 83.92933574629095,
    "2026-09": 90.46309336743282,
    "2026-10": 81.88288895526097,
    "2026-11": 95,
    "2026-12": 79.02452077111954,
    "2027-01": 80.60187437018685
  }
}