{
  "run_date": "2026-07-05 02:41:35",
  "composite_pi": 59.18003565062389,
  "extreme_threshold": 85.45536986656303,
  "is_currently_extreme": false,
  "factors": {
    "short_rate": 70.58823529411765,
    "vix": 45.811051693404636,
    "oil": 61.14081996434938
  },
  "tail_risk_stats": {
    "normal": {
      "mean_return": 4.9621227133488635,
      "median_return": 6.079001526267169,
      "prob_drop_5pct": 11.706349206349206,
      "prob_drop_10pct": 5.753968253968254,
      "avg_max_drawdown": -6.1857161168721335
    },
    "extreme": {
      "mean_return": 4.636604298744882,
      "median_return": 3.38639363144132,
      "prob_drop_5pct": 8.0,
      "prob_drop_10pct": 2.0,
      "avg_max_drawdown": -4.2956809251408625
    }
  },
  "forward_stress": {
    "2026-08": 66.43816944405502,
    "2026-09": 79.73263235970254,
    "2026-10": 67.85981522480056,
    "2026-11": 75.84474075331372,
    "2026-12": 68.93917938003774,
    "2027-01": 59.90051356184968
  }
}