{
  "run_date": "2026-07-07 02:42:03",
  "composite_pi": 59.061200237670825,
  "extreme_threshold": 85.45536986656303,
  "is_currently_extreme": false,
  "factors": {
    "short_rate": 70.76648841354724,
    "vix": 45.811051693404636,
    "oil": 60.60606060606061
  },
  "tail_risk_stats": {
    "normal": {
      "mean_return": 4.9621227133488635,
      "median_return": 6.079001526267169,
      "prob_drop_5pct": 11.706349206349206,
      "prob_drop_10pct": 5.753968253968254,
      "avg_max_drawdown": -6.1857161168721335
    },
    "extreme": {
      "mean_return": 4.636604298744882,
      "median_return": 3.38639363144132,
      "prob_drop_5pct": 8.0,
      "prob_drop_10pct": 2.0,
      "avg_max_drawdown": -4.2956809251408625
    }
  },
  "forward_stress": {
    "2026-08": 67.2688275175876,
    "2026-09": 77.9497481049497,
    "2026-10": 69.30530523845891,
    "2026-11": 72.85181679409828,
    "2026-12": 61.560629507165494,
    "2027-01": 61.93597449341911
  }
}