{
  "run_date": "2026-07-15 02:01:21",
  "composite_pi": 58.169934640522875,
  "extreme_threshold": 85.22381592804945,
  "is_currently_extreme": false,
  "factors": {
    "short_rate": 70.76648841354724,
    "vix": 36.185383244206776,
    "oil": 67.5579322638146
  },
  "tail_risk_stats": {
    "normal": {
      "mean_return": 4.993122918515846,
      "median_return": 6.097554176213826,
      "prob_drop_5pct": 11.72962226640159,
      "prob_drop_10pct": 5.7654075546719685,
      "avg_max_drawdown": -6.223255627571417
    },
    "extreme": {
      "mean_return": 4.636604298744882,
      "median_return": 3.38639363144132,
      "prob_drop_5pct": 8.0,
      "prob_drop_10pct": 2.0,
      "avg_max_drawdown": -4.2956809251408625
    }
  },
  "forward_stress": {
    "2026-08": 64.68933156891202,
    "2026-09": 74.00446094645073,
    "2026-10": 70.01975783613241,
    "2026-11": 73.1579789907283,
    "2026-12": 58.53903092478856,
    "2027-01": 59.69133103246636
  }
}