{
  "run_date": "2026-07-13 02:24:02",
  "composite_pi": 60.249554367201426,
  "extreme_threshold": 85.49735904040797,
  "is_currently_extreme": false,
  "factors": {
    "short_rate": 70.76648841354724,
    "vix": 36.185383244206776,
    "oil": 73.79679144385027
  },
  "tail_risk_stats": {
    "normal": {
      "mean_return": 4.9772560008105415,
      "median_return": 6.083409932135231,
      "prob_drop_5pct": 11.72962226640159,
      "prob_drop_10pct": 5.7654075546719685,
      "avg_max_drawdown": -6.1857161168721335
    },
    "extreme": {
      "mean_return": 4.66995763177948,
      "median_return": 3.522520856841016,
      "prob_drop_5pct": 7.8431372549019605,
      "prob_drop_10pct": 1.9607843137254901,
      "avg_max_drawdown": -4.2956809251408625
    }
  },
  "forward_stress": {
    "2026-08": 68.66537835968028,
    "2026-09": 73.9334840541211,
    "2026-10": 71.43829859563499,
    "2026-11": 76.80101009328133,
    "2026-12": 63.874446305825685,
    "2027-01": 68.6889762661584
  }
}