{
  "run_date": "2026-06-22 03:46:09",
  "composite_pi": 65.18122400475342,
  "extreme_threshold": 85.4920634920635,
  "is_currently_extreme": false,
  "factors": {
    "short_rate": 70.76648841354724,
    "vix": 48.484848484848484,
    "oil": 76.29233511586453
  },
  "tail_risk_stats": {
    "normal": {
      "mean_return": 4.925048756599554,
      "median_return": 6.0283263385601416,
      "prob_drop_5pct": 11.706349206349206,
      "prob_drop_10pct": 5.753968253968254,
      "avg_max_drawdown": -6.165775849910939
    },
    "extreme": {
      "mean_return": 4.636604298744882,
      "median_return": 3.38639363144132,
      "prob_drop_5pct": 8.0,
      "prob_drop_10pct": 2.0,
      "avg_max_drawdown": -4.2956809251408625
    }
  },
  "forward_stress": {
    "2026-07": 76.46043741588387,
    "2026-08": 76.67757618057274,
    "2026-09": 83.8317425573903,
    "2026-10": 70.09751484956475,
    "2026-11": 85.22886010588714,
    "2026-12": 73.00393358251371
  }
}