{
  "run_date": "2026-07-21 02:13:28",
  "composite_pi": 73.6779560308972,
  "extreme_threshold": 85.41849447271451,
  "is_currently_extreme": false,
  "factors": {
    "short_rate": 70.94474153297683,
    "vix": 63.992869875222816,
    "oil": 86.09625668449198
  },
  "tail_risk_stats": {
    "normal": {
      "mean_return": 4.9999109817972895,
      "median_return": 6.11482795699091,
      "prob_drop_5pct": 11.706349206349206,
      "prob_drop_10pct": 5.753968253968254,
      "avg_max_drawdown": -6.223255627571417
    },
    "extreme": {
      "mean_return": 4.636604298744882,
      "median_return": 3.38639363144132,
      "prob_drop_5pct": 8.0,
      "prob_drop_10pct": 2.0,
      "avg_max_drawdown": -4.2956809251408625
    }
  },
  "forward_stress": {
    "2026-08": 79.25261369052107,
    "2026-09": 89.52429677366494,
    "2026-10": 83.67771260409077,
    "2026-11": 93.0581647875463,
    "2026-12": 77.56919195839063,
    "2027-01": 78.2121593787911
  }
}