{
  "run_date": "2026-07-22 02:12:05",
  "composite_pi": 73.6779560308972,
  "extreme_threshold": 85.19724974060249,
  "is_currently_extreme": false,
  "factors": {
    "short_rate": 70.94474153297683,
    "vix": 63.992869875222816,
    "oil": 86.09625668449198
  },
  "tail_risk_stats": {
    "normal": {
      "mean_return": 5.016282883258843,
      "median_return": 6.132101737767992,
      "prob_drop_5pct": 11.72962226640159,
      "prob_drop_10pct": 5.7654075546719685,
      "avg_max_drawdown": -6.248156462356476
    },
    "extreme": {
      "mean_return": 4.636604298744882,
      "median_return": 3.38639363144132,
      "prob_drop_5pct": 8.0,
      "prob_drop_10pct": 2.0,
      "avg_max_drawdown": -4.2956809251408625
    }
  },
  "forward_stress": {
    "2026-08": 81.32036732283504,
    "2026-09": 88.39022921318329,
    "2026-10": 84.06866542577951,
    "2026-11": 87.88898782846249,
    "2026-12": 76.19299910907776,
    "2027-01": 83.70503862724466
  }
}