{
  "run_date": "2026-06-21 03:42:37",
  "composite_pi": 65.359477124183,
  "extreme_threshold": 85.4920634920635,
  "is_currently_extreme": false,
  "factors": {
    "short_rate": 70.05347593582889,
    "vix": 48.484848484848484,
    "oil": 77.54010695187165
  },
  "tail_risk_stats": {
    "normal": {
      "mean_return": 4.925048756599554,
      "median_return": 6.0283263385601416,
      "prob_drop_5pct": 11.706349206349206,
      "prob_drop_10pct": 5.753968253968254,
      "avg_max_drawdown": -6.165775849910939
    },
    "extreme": {
      "mean_return": 4.636604298744882,
      "median_return": 3.38639363144132,
      "prob_drop_5pct": 8.0,
      "prob_drop_10pct": 2.0,
      "avg_max_drawdown": -4.2956809251408625
    }
  },
  "forward_stress": {
    "2026-07": 68.48869231006495,
    "2026-08": 79.12992757469763,
    "2026-09": 82.57795923707192,
    "2026-10": 82.63916961774866,
    "2026-11": 87.22076505756345,
    "2026-12": 70.64407219829876
  }
}