{
  "run_date": "2026-06-27 02:45:29",
  "composite_pi": 65.65656565656566,
  "extreme_threshold": 85.48266462219952,
  "is_currently_extreme": false,
  "factors": {
    "short_rate": 70.76648841354724,
    "vix": 48.484848484848484,
    "oil": 77.71836007130125
  },
  "tail_risk_stats": {
    "normal": {
      "mean_return": 4.942261702995667,
      "median_return": 6.033928960905621,
      "prob_drop_5pct": 11.72962226640159,
      "prob_drop_10pct": 5.7654075546719685,
      "avg_max_drawdown": -6.1857161168721335
    },
    "extreme": {
      "mean_return": 4.636604298744882,
      "median_return": 3.38639363144132,
      "prob_drop_5pct": 8.0,
      "prob_drop_10pct": 2.0,
      "avg_max_drawdown": -4.2956809251408625
    }
  },
  "forward_stress": {
    "2026-07": 71.30865986108599,
    "2026-08": 79.98632701693572,
    "2026-09": 91.40032857379973,
    "2026-10": 72.20507826188317,
    "2026-11": 85.71521938493598,
    "2026-12": 75.03348480296422
  }
}