{
  "run_date": "2026-07-17 02:13:29",
  "composite_pi": 58.169934640522875,
  "extreme_threshold": 85.42507457448674,
  "is_currently_extreme": false,
  "factors": {
    "short_rate": 70.76648841354724,
    "vix": 36.185383244206776,
    "oil": 67.5579322638146
  },
  "tail_risk_stats": {
    "normal": {
      "mean_return": 4.993122918515846,
      "median_return": 6.097554176213826,
      "prob_drop_5pct": 11.72962226640159,
      "prob_drop_10pct": 5.7654075546719685,
      "avg_max_drawdown": -6.223255627571417
    },
    "extreme": {
      "mean_return": 4.636604298744882,
      "median_return": 3.38639363144132,
      "prob_drop_5pct": 8.0,
      "prob_drop_10pct": 2.0,
      "avg_max_drawdown": -4.2956809251408625
    }
  },
  "forward_stress": {
    "2026-08": 69.2660104728444,
    "2026-09": 76.97699245720635,
    "2026-10": 66.90427726394498,
    "2026-11": 83.56118404438074,
    "2026-12": 61.00425045011377,
    "2027-01": 68.0614963435574
  }
}