{
  "run_date": "2026-07-06 02:46:41",
  "composite_pi": 59.239453357100416,
  "extreme_threshold": 85.45536986656303,
  "is_currently_extreme": false,
  "factors": {
    "short_rate": 70.76648841354724,
    "vix": 45.811051693404636,
    "oil": 61.14081996434938
  },
  "tail_risk_stats": {
    "normal": {
      "mean_return": 4.9621227133488635,
      "median_return": 6.079001526267169,
      "prob_drop_5pct": 11.706349206349206,
      "prob_drop_10pct": 5.753968253968254,
      "avg_max_drawdown": -6.1857161168721335
    },
    "extreme": {
      "mean_return": 4.636604298744882,
      "median_return": 3.38639363144132,
      "prob_drop_5pct": 8.0,
      "prob_drop_10pct": 2.0,
      "avg_max_drawdown": -4.2956809251408625
    }
  },
  "forward_stress": {
    "2026-08": 69.85945071895698,
    "2026-09": 74.9542874958912,
    "2026-10": 67.54907649831178,
    "2026-11": 73.6390696875296,
    "2026-12": 65.10936027058837,
    "2027-01": 65.77324856155643
  }
}