{
  "run_date": "2026-07-24 02:14:00",
  "composite_pi": 73.6779560308972,
  "extreme_threshold": 85.39247222682806,
  "is_currently_extreme": false,
  "factors": {
    "short_rate": 70.94474153297683,
    "vix": 63.992869875222816,
    "oil": 86.09625668449198
  },
  "tail_risk_stats": {
    "normal": {
      "mean_return": 5.016282883258843,
      "median_return": 6.132101737767992,
      "prob_drop_5pct": 11.72962226640159,
      "prob_drop_10pct": 5.7654075546719685,
      "avg_max_drawdown": -6.248156462356476
    },
    "extreme": {
      "mean_return": 4.636604298744882,
      "median_return": 3.38639363144132,
      "prob_drop_5pct": 8.0,
      "prob_drop_10pct": 2.0,
      "avg_max_drawdown": -4.2956809251408625
    }
  },
  "forward_stress": {
    "2026-08": 80.31036194767594,
    "2026-09": 88.70884991481854,
    "2026-10": 83.99590445688317,
    "2026-11": 88.92158322012956,
    "2026-12": 75.48038326409161,
    "2027-01": 78.04335912068599
  }
}