{
  "run_date": "2026-07-04 02:31:34",
  "composite_pi": 64.70588235294117,
  "extreme_threshold": 85.46962041715248,
  "is_currently_extreme": false,
  "factors": {
    "short_rate": 70.76648841354724,
    "vix": 61.31907308377896,
    "oil": 62.03208556149733
  },
  "tail_risk_stats": {
    "normal": {
      "mean_return": 4.953169890786195,
      "median_return": 6.074593120399108,
      "prob_drop_5pct": 11.72962226640159,
      "prob_drop_10pct": 5.7654075546719685,
      "avg_max_drawdown": -6.1857161168721335
    },
    "extreme": {
      "mean_return": 4.636604298744882,
      "median_return": 3.38639363144132,
      "prob_drop_5pct": 8.0,
      "prob_drop_10pct": 2.0,
      "avg_max_drawdown": -4.2956809251408625
    }
  },
  "forward_stress": {
    "2026-08": 79.3213998742883,
    "2026-09": 79.69631655230097,
    "2026-10": 76.05636788055487,
    "2026-11": 80.8217189345217,
    "2026-12": 70.92093895800775,
    "2027-01": 76.14508357613198
  }
}