{
  "run_date": "2026-06-29 03:29:44",
  "composite_pi": 65.30005941770646,
  "extreme_threshold": 85.45549024618792,
  "is_currently_extreme": false,
  "factors": {
    "short_rate": 70.76648841354724,
    "vix": 61.31907308377896,
    "oil": 63.81461675579323
  },
  "tail_risk_stats": {
    "normal": {
      "mean_return": 4.944525885989992,
      "median_return": 6.0542610406523645,
      "prob_drop_5pct": 11.706349206349206,
      "prob_drop_10pct": 5.753968253968254,
      "avg_max_drawdown": -6.1857161168721335
    },
    "extreme": {
      "mean_return": 4.636604298744882,
      "median_return": 3.38639363144132,
      "prob_drop_5pct": 8.0,
      "prob_drop_10pct": 2.0,
      "avg_max_drawdown": -4.2956809251408625
    }
  },
  "forward_stress": {
    "2026-07": 74.73962252462404,
    "2026-08": 80.87303320227296,
    "2026-09": 88.53818700010125,
    "2026-10": 82.7365279745168,
    "2026-11": 91.08683299804362,
    "2026-12": 65.08729124118659
  }
}