{
  "run_date": "2026-07-20 03:07:55",
  "composite_pi": 74.09387997623291,
  "extreme_threshold": 85.41849447271451,
  "is_currently_extreme": false,
  "factors": {
    "short_rate": 70.94474153297683,
    "vix": 63.992869875222816,
    "oil": 87.34402852049911
  },
  "tail_risk_stats": {
    "normal": {
      "mean_return": 4.9999109817972895,
      "median_return": 6.11482795699091,
      "prob_drop_5pct": 11.706349206349206,
      "prob_drop_10pct": 5.753968253968254,
      "avg_max_drawdown": -6.223255627571417
    },
    "extreme": {
      "mean_return": 4.636604298744882,
      "median_return": 3.38639363144132,
      "prob_drop_5pct": 8.0,
      "prob_drop_10pct": 2.0,
      "avg_max_drawdown": -4.2956809251408625
    }
  },
  "forward_stress": {
    "2026-08": 86.58607825369559,
    "2026-09": 92.45000555391294,
    "2026-10": 80.67964716710617,
    "2026-11": 91.99392414834921,
    "2026-12": 76.97991040734503,
    "2027-01": 77.88215980915473
  }
}