{
  "run_date": "2026-07-14 02:03:50",
  "composite_pi": 58.169934640522875,
  "extreme_threshold": 85.49735904040797,
  "is_currently_extreme": false,
  "factors": {
    "short_rate": 70.76648841354724,
    "vix": 36.185383244206776,
    "oil": 67.5579322638146
  },
  "tail_risk_stats": {
    "normal": {
      "mean_return": 4.9772560008105415,
      "median_return": 6.083409932135231,
      "prob_drop_5pct": 11.72962226640159,
      "prob_drop_10pct": 5.7654075546719685,
      "avg_max_drawdown": -6.1857161168721335
    },
    "extreme": {
      "mean_return": 4.66995763177948,
      "median_return": 3.522520856841016,
      "prob_drop_5pct": 7.8431372549019605,
      "prob_drop_10pct": 1.9607843137254901,
      "avg_max_drawdown": -4.2956809251408625
    }
  },
  "forward_stress": {
    "2026-08": 63.90217344361918,
    "2026-09": 77.02573862365766,
    "2026-10": 73.66729330992494,
    "2026-11": 76.36228799055483,
    "2026-12": 60.129755686215496,
    "2027-01": 58.92343454128921
  }
}